{
  "centers": [
    [
      0.6401843996644799,
      0.7682212795973759,
      0.0,
      0.0,
      0.0
    ],
    [
      -1.0,
      0.0,
      0.0,
      0.0,
      0.0
    ]
  ],
  "model_params_fname": null,
  "n_initial_locations": 100,
  "n_simulations": 2000,
  "radiuses": [
    [
      0.45,
      0.475,
      0.5
    ],
    [
      0.45,
      0.475,
      0.5
    ]
  ],
  "seed": 814299612,
  "target_param_list": [
    {
      "center": {
        "dtype": "float64",
        "py/object": "numpy.ndarray",
        "values": [
          0.6401843996644799,
          0.7682212795973759,
          0.0,
          0.0,
          0.0
        ]
      },
      "energy_params": {
        "depth": 10.0,
        "locations": {
          "dtype": "float64",
          "py/object": "numpy.ndarray",
          "values": [
            [
              0.751596479266212,
              0.5329101620013234,
              0.11582034098467507,
              0.13662005697962903,
              0.3384926689539262
            ],
            [
              0.6861845031049824,
              0.7776919864574413,
              0.4160391460874249,
              -0.1329690998411778,
              -0.15382867899720498
            ],
            [
              0.48596591188642935,
              1.1045553347459716,
              -0.022134603106449085,
              -0.11968580446151508,
              -0.2687206783667527
            ],
            [
              0.451356511975169,
              0.8737439159854226,
              -0.3841128131386717,
              -0.030362748771595567,
              -0.1196689719316774
            ],
            [
              0.38193411006399547,
              0.8335919202545714,
              -0.04275992347381741,
              0.34357108710999595,
              0.17759901944900858
            ],
            [
              0.3908095605611484,
              0.9973502569293063,
              -0.1443766006919424,
              0.01737065019102617,
              -0.27576840689817944
            ],
            [
              0.9066655336133905,
              0.8407609168607073,
              0.06920897429761508,
              0.1064129866992371,
              0.33558598183615823
            ],
            [
              0.6134084623208236,
              0.8954281565517134,
              0.4016617561915541,
              -0.015746693369071772,
              -0.19704923862537746
            ],
            [
              0.5396600265980519,
              0.6630053394940076,
              -0.1893064016361425,
              -0.0458998997257986,
              -0.4040938818177559
            ],
            [
              0.9951926738801011,
              0.5297114484254521,
              -0.11435870205768618,
              -0.11500807501476412,
              0.07672266807059763
            ]
          ]
        },
        "multiplier": 1.0,
        "standard_deviations": {
          "dtype": "float64",
          "py/object": "numpy.ndarray",
          "values": [
            0.01,
            0.01,
            0.01,
            0.01,
            0.01,
            0.01,
            0.01,
            0.01,
            0.01,
            0.01
          ]
        }
      },
      "energy_type": "random_well",
      "radiuses": {
        "dtype": "float64",
        "py/object": "numpy.ndarray",
        "values": [
          0.45,
          0.475,
          0.5
        ]
      }
    },
    {
      "center": {
        "dtype": "float64",
        "py/object": "numpy.ndarray",
        "values": [
          -1.0,
          0.0,
          0.0,
          0.0,
          0.0
        ]
      },
      "energy_params": {
        "depth": 6.0,
        "height": 1.0,
        "locations": {
          "dtype": "float64",
          "py/object": "numpy.ndarray",
          "values": [
            [
              -0.8201166270508264,
              0.4053905162707304,
              0.1072665713455324,
              -0.10742650767357119,
              0.021590680450187784
            ],
            [
              -1.2191135106259499,
              -0.32120550360077277,
              0.05964365792559296,
              0.11103805268900083,
              -0.22737217814955968
            ],
            [
              -0.6937904007092359,
              -0.22615510573966627,
              0.24031589456668645,
              0.03214511307538311,
              0.037299322770890965
            ],
            [
              -1.342651083661181,
              0.046989211359560745,
              0.06886492969159341,
              -0.2901958504592351,
              -0.045962510771128104
            ],
            [
              -1.004725479111006,
              -0.05667081067341595,
              -0.27147882479168595,
              -0.3638179870162664,
              -0.07292446276688781
            ],
            [
              -1.3292627018705891,
              0.1295661426187447,
              0.05552883759928319,
              0.2911373379324554,
              0.05088750584913251
            ],
            [
              -0.8255354551891838,
              -0.03630612864945738,
              0.34680860343987496,
              -0.24084192603129473,
              -0.010865328216044903
            ],
            [
              -1.1507750850419458,
              0.03884837110208105,
              0.40771140303709086,
              -0.03651120581315535,
              -0.12172637540110405
            ],
            [
              -0.7565696458046565,
              -0.014883024405284004,
              0.17706613035787627,
              0.16609806786143197,
              -0.309994099782677
            ],
            [
              -0.6563376746552851,
              0.0021358585114776034,
              0.13911357181216774,
              0.25327213837241613,
              0.030178619267047454
            ]
          ]
        },
        "multiplier": 0.7000000000000001,
        "standard_deviations": {
          "dtype": "float64",
          "py/object": "numpy.ndarray",
          "values": [
            0.01,
            0.01,
            0.01,
            0.01,
            0.01,
            0.01,
            0.01,
            0.01,
            0.01,
            0.01
          ]
        }
      },
      "energy_type": "random_crater",
      "radiuses": {
        "dtype": "float64",
        "py/object": "numpy.ndarray",
        "values": [
          0.45,
          0.475,
          0.5
        ]
      }
    }
  ],
  "time_step": 1e-05
}