{
  "centers": [
    [
      0.6401843996644799,
      0.7682212795973759,
      0.0,
      0.0,
      0.0
    ],
    [
      -1.0,
      0.0,
      0.0,
      0.0,
      0.0
    ]
  ],
  "model_params_fname": null,
  "n_initial_locations": 100,
  "n_simulations": 2000,
  "radiuses": [
    [
      0.02,
      0.05,
      0.5
    ],
    [
      0.04,
      0.075,
      0.5
    ]
  ],
  "seed": 414435440,
  "target_param_list": [
    {
      "center": {
        "dtype": "float64",
        "py/object": "numpy.ndarray",
        "values": [
          0.6401843996644799,
          0.7682212795973759,
          0.0,
          0.0,
          0.0
        ]
      },
      "energy_params": {
        "depth": 10.0,
        "locations": {
          "dtype": "float64",
          "py/object": "numpy.ndarray",
          "values": [
            [
              0.6259761790888704,
              0.7720944038987559,
              -0.019469288162297923,
              0.00230647560091611,
              -0.007905963477569907
            ],
            [
              0.6348345920762998,
              0.7850529161426266,
              -0.006071096221232827,
              -0.0024879551904251895,
              0.019705855777027752
            ],
            [
              0.6368470975032722,
              0.7901557881372092,
              -0.004329278442931412,
              -0.0031877782873285325,
              0.021314661075076315
            ],
            [
              0.6162868918260201,
              0.7859070915588499,
              0.005142900982885175,
              0.002294177455089735,
              -0.00996923380168194
            ],
            [
              0.6439582675270705,
              0.7547354801604563,
              0.03311120945752142,
              0.003865627261822739,
              0.00791862623913591
            ],
            [
              0.6452311337501854,
              0.7863802558910541,
              -0.005081382366211235,
              -0.0032879282382229018,
              -0.0042300008497815934
            ],
            [
              0.6637753247661289,
              0.7568036362850384,
              -0.0013602083199621532,
              -0.0023776001538040373,
              0.004416210438376281
            ],
            [
              0.6554222772859456,
              0.7834435879319043,
              -0.0039002560141543534,
              0.008165164233438136,
              0.029900656814154443
            ],
            [
              0.6503932780670652,
              0.7822281860214907,
              -0.005167324569302053,
              -0.017376035553271014,
              0.011240541659444712
            ],
            [
              0.6616896140178375,
              0.7644329431354014,
              -0.018263123440601173,
              -0.005537530249414895,
              0.01142225867112339
            ]
          ]
        },
        "multiplier": 1.0,
        "standard_deviations": {
          "dtype": "float64",
          "py/object": "numpy.ndarray",
          "values": [
            0.01,
            0.01,
            0.01,
            0.01,
            0.01,
            0.01,
            0.01,
            0.01,
            0.01,
            0.01
          ]
        }
      },
      "energy_type": "random_well",
      "radiuses": {
        "dtype": "float64",
        "py/object": "numpy.ndarray",
        "values": [
          0.02,
          0.05,
          0.5
        ]
      }
    },
    {
      "center": {
        "dtype": "float64",
        "py/object": "numpy.ndarray",
        "values": [
          -1.0,
          0.0,
          0.0,
          0.0,
          0.0
        ]
      },
      "energy_params": {
        "depth": 6.0,
        "height": 1.0,
        "locations": {
          "dtype": "float64",
          "py/object": "numpy.ndarray",
          "values": [
            [
              -1.0380875037651733,
              -0.026847613560247542,
              -0.006416343574170026,
              -0.009969199350198297,
              -0.009590610806503615
            ],
            [
              -1.0099225876962175,
              0.012588484286655502,
              0.029306015004557758,
              0.027967301106249672,
              -0.013948951704322097
            ],
            [
              -1.0176291807397928,
              -0.0158643480443407,
              0.028693750080845796,
              0.016792323936451123,
              0.030596025875122255
            ],
            [
              -0.9574103646412603,
              0.051433618882442037,
              -0.005411643813485684,
              -0.023169981839690885,
              0.02004875695644606
            ],
            [
              -1.0211791495629803,
              -0.04815415540058118,
              0.009425606000297262,
              -0.03029398922502572,
              0.012259027720482011
            ],
            [
              -0.9958989442006846,
              -0.0014316700289175289,
              0.02297307613418234,
              -0.02651806825126078,
              0.01988550495549645
            ],
            [
              -1.0163815779980678,
              -0.010274545134823542,
              0.043452610378190724,
              -0.007595472678121711,
              -0.04303791850570245
            ],
            [
              -1.0301565481039439,
              -0.03627425267741099,
              -0.008064115784211559,
              0.026461587308356654,
              -0.020022228670899082
            ],
            [
              -1.0396906863663202,
              0.0015474592745425972,
              0.007234882530443799,
              -0.01904342418349879,
              0.014812804560315718
            ],
            [
              -1.0011973597248964,
              0.030584046369323714,
              -0.013588645457663615,
              -0.03533386221688111,
              0.035093505627982795
            ]
          ]
        },
        "multiplier": 0.7000000000000001,
        "standard_deviations": {
          "dtype": "float64",
          "py/object": "numpy.ndarray",
          "values": [
            0.01,
            0.01,
            0.01,
            0.01,
            0.01,
            0.01,
            0.01,
            0.01,
            0.01,
            0.01
          ]
        }
      },
      "energy_type": "random_crater",
      "radiuses": {
        "dtype": "float64",
        "py/object": "numpy.ndarray",
        "values": [
          0.04,
          0.075,
          0.5
        ]
      }
    }
  ],
  "time_step": 1e-05
}